<?xml version="1.0" encoding="utf-8"?>
<feed xmlns="http://www.w3.org/2005/Atom"
      xml:lang="es"
      xml:base="https://francesco20122022.github.io/rssyatom/atom.xml">
    <id>https://francesco20122022.github.io/prueba/</id>
    <title>Fotografía</title>
    <link rel="self" href="https://francesco20122022.github.io/prueba/"/>
    <updated>2023-01-15T18:12:04Z</updated>
    <author>
        <name>Francesco Latorrata</name>
        <email>a22lalafr@iesgrancapitan.org</email>
    </author>
    <generator>GitHub</generator>
    <category term="Noticias fotografía"/>
    <rights>Copyright (c) 2023 </rights>

    <entry>
        <id>https://www.blogdelfotografo.com/</id>
        <title> Taller fotografía análogica </title>
        <updated>2023-01-15T18:12:04Z</updated>
        <rights> blog@fotografo.com </rights>
        <link href="https://francesco20122022.github.io/prueba/"/>
        <summary> Aprendemos a revelar fotografias analogicas</summary>
        <link rel="enclosure" type="image/jpg" title="camara de fotos" href=""/>
     </entry>

     <entry>
        <id>https://www.blogdelfotografo.com/</id>
        <title> Taller fotografía digital </title>
        <updated>2023-01-15T18:12:04Z</updated>
        <rights> blog@fotografo.com </rights>
        <link href="https://francesco20122022.github.io/prueba/"/>
        <summary> Aprendemos a revelar fotografias digitales</summary>
        <link rel="enclosure" type="image/jpg" title="camara de fotos" href=""/>
     </entry>

      <entry>
        <id>https://www.blogdelfotografo.com/</id>
        <title> Fotografía en blanco y negro </title>
        <updated>2023-01-15T18:12:04Z</updated>
        <rights> blog@fotografo.com </rights>
        <link href="https://www.blogdelfotografo.com/ejercicios-fotografia/"/>
        <summary> Aprendemos sobre fotografía en blanco y negro</summary>
        <link rel="enclosure" type="image/jpg" title="camara de fotos" href=""/>
     </entry>

</feed>

